"variable","SD"
"mch","2.1132922211614"
"rdw","0.0821807082346452"
"pltlt","0.271572211557141"
"rbc","0.464836013336685"
"hb","1.40403523835338"
"wbc","0.281882734798043"
"baso_p","0.257369331374114"
"hdl","16.2744174563777"
"lympho_p","8.88468730691815"
